address,size,model,batch,result,similarity,runs,notes
0x406f40,1,haiku,H0,matched,100.0,,
0x428c50,1,haiku,H0,matched,100.0,,
0x49ed90,1,haiku,H0,matched,100.0,,
0x4d82b0,1,haiku,H0,matched,100.0,,
0x4e1450,1,haiku,H0,matched,100.0,,
0x406c00,3,haiku,H0,matched,100.0,,
0x416500,3,haiku,H0,matched,100.0,,
0x43a1e0,3,haiku,H0,matched,100.0,,
0x44ef40,3,haiku,H0,matched,100.0,,
0x461d60,3,haiku,H0,matched,100.0,,
0x480e90,3,haiku,H0,matched,100.0,,
0x4b1e80,3,haiku,H0,matched,100.0,,
0x4cfef0,3,haiku,H0,matched,100.0,,
0x44cec0,5,haiku,H0,matched,100.0,,
0x4b1e70,5,haiku,H0,matched,100.0,,
0x44ce40,6,haiku,H0,matched,100.0,,
0x44fd60,6,haiku,H0,matched,100.0,,
0x4b6220,6,haiku,H0,matched,100.0,,
0x4353a0,7,haiku,H0,matched,100.0,,
0x4908b0,7,haiku,H0,matched,100.0,,
0x4c3e10,8,haiku,H0,matched,100.0,,
0x4cb7c0,10,haiku,H0,partial,40.0,,
0x462bf0,11,haiku,H0,matched,100.0,,
0x4767e0,12,haiku,H0,matched,100.0,,
0x464ac0,13,haiku,H0,matched,100.0,,
0x4ca9d0,13,haiku,H0,matched,100.0,,
0x49fc40,14,haiku,H0,matched,100.0,,
0x4e41e0,14,haiku,H0,matched,100.0,,
0x438870,15,haiku,H0,matched,100.0,,
0x46c8b0,16,haiku,H0,matched,100.0,,
0x40c230,17,haiku,H1,matched,100.0,,
0x47cb40,19,haiku,H1,matched,100.0,,
0x463c60,24,haiku,H1,matched,100.0,,
0x45b800,30,haiku,H1,matched,100.0,,
0x4d1ba0,35,haiku,H1,matched,100.0,,
0x434a30,42,haiku,H1,partial,40.0,,
0x4b6af0,48,haiku,H1,partial,51.1,,
0x474f80,56,haiku,H1,partial,76.2,,
0x40c4f0,17,sonnet,S1,matched,100.0,,
0x494ff0,19,sonnet,S1,matched,100.0,,
0x46e5c0,24,sonnet,S1,matched,100.0,,
0x4b7a10,30,sonnet,S1,matched,100.0,,
0x4d1bd0,35,sonnet,S1,matched,100.0,,
0x438450,42,sonnet,S1,partial,40.0,,
0x4cf150,48,sonnet,S1,matched,100.0,,
0x4c93b0,56,sonnet,S1,matched,100.0,,
0x489960,65,haiku,H2,matched,100.0,,
0x407930,75,haiku,H2,partial,17.1,,
0x476e90,86,haiku,H2,partial,38.1,,
0x4b66a0,96,haiku,H2,partial,28.6,,
0x45c6d0,110,haiku,H2,partial,33.3,,
0x4b6370,128,haiku,H2,partial,35.3,,
0x4a4930,65,sonnet,S2,assigned,,,
0x44dc60,75,sonnet,S2,assigned,,,
0x4b62d0,86,sonnet,S2,assigned,,,
0x41ea30,97,sonnet,S2,assigned,,,
0x4a1680,110,sonnet,S2,assigned,,,
0x4c9290,128,sonnet,S2,assigned,,,
0x415da0,17,haiku,H3,matched,100.0,,
0x406c70,19,haiku,H3,matched,100.0,,
0x4750f0,19,haiku,H3,matched,100.0,,
0x428f40,22,haiku,H3,matched,100.0,,
0x4423a0,24,haiku,H3,matched,100.0,,
0x45b640,27,haiku,H3,matched,100.0,,
0x4e21a0,29,haiku,H3,partial,76.2,,
0x475840,33,haiku,H3,partial,71.4,,
0x470770,35,haiku,H3,partial,66.7,,
0x4d8b30,37,haiku,H3,matched,100.0,,
0x407380,1,haiku,H4,matched,100.0,,
0x428bb0,1,haiku,H4,matched,100.0,,
0x428bd0,1,haiku,H4,matched,100.0,,
0x428be0,1,haiku,H4,matched,100.0,,
0x428bf0,1,haiku,H4,matched,100.0,,
0x428c30,1,haiku,H4,matched,100.0,,
0x428c40,1,haiku,H4,matched,100.0,,
0x437d30,1,haiku,H4,matched,100.0,,
0x440930,1,haiku,H4,matched,100.0,,
0x44efb0,1,haiku,H4,matched,100.0,,
0x461170,1,haiku,H4,matched,100.0,,
0x461610,1,haiku,H4,matched,100.0,,
0x463bd0,1,haiku,H4,matched,100.0,,
0x46c8d0,1,haiku,H4,matched,100.0,,
0x47caf0,1,haiku,H4,matched,100.0,,
0x4b7ac0,1,haiku,H4,matched,100.0,,
0x4c1aa0,1,haiku,H4,matched,100.0,,
0x4c9740,1,haiku,H4,matched,100.0,,
0x4cfee0,1,haiku,H4,matched,100.0,,
0x4cff00,1,haiku,H4,matched,100.0,,
0x4d8130,1,haiku,H4,matched,100.0,,
0x4d8190,1,haiku,H4,matched,100.0,,
0x4d8250,1,haiku,H4,matched,100.0,,
0x4d8390,1,haiku,H4,matched,100.0,,
0x4d83a0,1,haiku,H4,matched,100.0,,
0x4da7c0,1,haiku,H4,matched,100.0,,
0x4db7b0,1,haiku,H4,matched,100.0,,
0x4de4c0,1,haiku,H4,matched,100.0,,
0x4de540,1,haiku,H4,matched,100.0,,
0x4df1d0,1,haiku,H4,matched,100.0,,
0x4e0730,1,haiku,H4,matched,100.0,,
0x4e1b00,1,haiku,H4,matched,100.0,,
0x4e2cb0,1,haiku,H4,matched,100.0,,
0x4e4250,1,haiku,H4,matched,100.0,,
0x4e4260,1,haiku,H4,matched,100.0,,
0x4e4270,1,haiku,H4,matched,100.0,,
0x4e4280,1,haiku,H4,matched,100.0,,
0x4e4290,1,haiku,H4,matched,100.0,,
0x4e42a0,1,haiku,H4,matched,100.0,,
0x40cc30,3,haiku,H4,matched,100.0,,
0x438450,42,opus,O1,matched,100.0,,escalated from Sonnet S1: global std::vector initialiser
0x434a30,42,opus,O1,matched,100.0,,escalated from Haiku H1: global std::vector initialiser
