address,size,file,symbol,status,similarity
0x401070,57,src/unsorted/0x401070.cpp,?Reset@PlayerRef@@QAEXE@Z,matched,100.0
0x406c00,3,src/unsorted/0x406c00.cpp,?FUN_00406c00@@YGXHH@Z,matched,100.0
0x406c70,19,src/unsorted/0x406c70.cpp,?FUN_00406c70@@YGXPAH0@Z,matched,100.0
0x406f40,1,src/unsorted/0x406f40.cpp,?FUN_00406f40@@YAXXZ,matched,100.0
0x407380,1,src/unsorted/0x407380.cpp,?FUN_00407380@@YAXXZ,matched,100.0
0x407930,75,src/unsorted/0x407930.cpp,?FUN_00407930@Class_00407930@@QAEXPAX000@Z,partial,17.1
0x40c230,17,src/unsorted/0x40c230.cpp,?FUN_0040c230@@YGHH@Z,matched,100.0
0x40c4f0,17,src/unsorted/0x40c4f0.cpp,?FUN_0040c4f0@@YGHH@Z,matched,100.0
0x40cc30,3,src/unsorted/0x40cc30.cpp,?FUN_0040cc30@@YGXHH@Z,matched,100.0
0x40d280,3,src/unsorted/0x40d280.cpp,?FUN_0040d280@@YGXHH@Z,matched,100.0
0x40d4a0,3,src/unsorted/0x40d4a0.cpp,?FUN_0040d4a0@@YGXHH@Z,matched,100.0
0x40d4b0,3,src/unsorted/0x40d4b0.cpp,?FUN_0040d4b0@@YGXHH@Z,matched,100.0
0x40d4e0,3,src/unsorted/0x40d4e0.cpp,?FUN_0040d4e0@@YGXHH@Z,matched,100.0
0x415da0,17,src/unsorted/0x415da0.cpp,?FUN_00415da0@Class_00415da0@@QAEXHE@Z,matched,100.0
0x416270,3,src/unsorted/0x416270.cpp,?FUN_00416270@@YGXH@Z,matched,100.0
0x416370,3,src/unsorted/0x416370.cpp,?FUN_00416370@@YGXH@Z,matched,100.0
0x416380,3,src/unsorted/0x416380.cpp,?FUN_00416380@@YGXH@Z,matched,100.0
0x416500,3,src/unsorted/0x416500.cpp,?FUN_00416500@@YGXH@Z,matched,100.0
0x41ea30,97,src/unsorted/0x41ea30.cpp,?FUN_0041ea30@@YAHXZ,partial,94.9
0x4251e0,3,src/unsorted/0x4251e0.cpp,?FUN_004251e0@@YGXHH@Z,matched,100.0
0x425470,3,src/unsorted/0x425470.cpp,?FUN_00425470@@YGXHH@Z,matched,100.0
0x4287b0,17,src/unsorted/0x4287b0.cpp,?FUN_004287b0@@YAXXZ,matched,100.0
0x428bb0,1,src/unsorted/0x428bb0.cpp,?FUN_00428bb0@@YAXXZ,matched,100.0
0x428bc0,3,src/unsorted/0x428bc0.cpp,?FUN_00428bc0@@YAHXZ,matched,100.0
0x428bd0,1,src/unsorted/0x428bd0.cpp,?FUN_00428bd0@@YAXXZ,matched,100.0
0x428be0,1,src/unsorted/0x428be0.cpp,?FUN_00428be0@@YAXXZ,matched,100.0
0x428bf0,1,src/unsorted/0x428bf0.cpp,?FUN_00428bf0@@YAXXZ,matched,100.0
0x428c30,1,src/unsorted/0x428c30.cpp,?FUN_00428c30@@YAXXZ,matched,100.0
0x428c40,1,src/unsorted/0x428c40.cpp,?FUN_00428c40@@YAXXZ,matched,100.0
0x428c50,1,src/unsorted/0x428c50.cpp,?FUN_00428c50@@YAXXZ,matched,100.0
0x428f40,22,src/unsorted/0x428f40.cpp,?FUN_00428f40@Class_00428f40@@QAE_NPAD@Z,matched,100.0
0x42f900,3,src/unsorted/0x42f900.cpp,?FUN_0042f900@@YGXH@Z,matched,100.0
0x433d90,3,src/unsorted/0x433d90.cpp,?FUN_00433d90@@YGXHH@Z,matched,100.0
0x4343f0,3,src/unsorted/0x4343f0.cpp,?FUN_004343f0@@YGXH@Z,matched,100.0
0x434430,3,src/unsorted/0x434430.cpp,?FUN_00434430@@YGXH@Z,matched,100.0
0x434a30,42,src/unsorted/0x434a30.cpp,_$E5,matched,100.0
0x435100,3,src/unsorted/0x435100.cpp,?FUN_00435100@@YIHPAH@Z,matched,100.0
0x4353a0,7,src/unsorted/0x4353a0.cpp,?FUN_004353a0@Class_004353a0@@QAEHXZ,matched,100.0
0x437d30,1,src/unsorted/0x437d30.cpp,?FUN_00437d30@@YAXXZ,matched,100.0
0x438450,42,src/unsorted/0x438450.cpp,_$E5,partial,100.0
0x438700,39,src/unsorted/0x438700.cpp,?FUN_00438700@@YGIPAX0I@Z,matched,100.0
0x438870,15,src/unsorted/0x438870.cpp,?FUN_00438870@Class_00438870@@QAEXI@Z,matched,100.0
0x43a1e0,3,src/unsorted/0x43a1e0.cpp,?FUN_0043a1e0@@YGXH@Z,matched,100.0
0x43c390,3,src/unsorted/0x43c390.cpp,?FUN_0043c390@@YGXHH@Z,matched,100.0
0x440930,1,src/unsorted/0x440930.cpp,?FUN_00440930@@YAXXZ,matched,100.0
0x4423a0,24,src/unsorted/0x4423a0.cpp,?FUN_004423a0@@YGXHPAH@Z,matched,100.0
0x44ce40,6,src/unsorted/0x44ce40.cpp,?FUN_0044ce40@@YAHXZ,matched,100.0
0x44cec0,5,src/unsorted/0x44cec0.cpp,?FUN_0044cec0@@YGHHH@Z,matched,100.0
0x44cef0,3,src/unsorted/0x44cef0.cpp,?FUN_0044cef0@@YAHXZ,matched,100.0
0x44cf50,3,src/unsorted/0x44cf50.cpp,?FUN_0044cf50@@YGXH@Z,matched,100.0
0x44dc60,75,src/unsorted/0x44dc60.cpp,?FUN_0044dc60@Class_0044dc60@@QAEHPAH@Z,partial,92.3
0x44e6b0,3,src/unsorted/0x44e6b0.cpp,?FUN_0044e6b0@@YAHXZ,matched,100.0
0x44ea50,3,src/unsorted/0x44ea50.cpp,?FUN_0044ea50@@YAHXZ,matched,100.0
0x44ec00,3,src/unsorted/0x44ec00.cpp,?FUN_0044ec00@@YAHXZ,matched,100.0
0x44ec10,3,src/unsorted/0x44ec10.cpp,?FUN_0044ec10@@YGXH@Z,matched,100.0
0x44ee60,3,src/unsorted/0x44ee60.cpp,?FUN_0044ee60@@YGXHH@Z,matched,100.0
0x44ef40,3,src/unsorted/0x44ef40.cpp,?FUN_0044ef40@@YGXHHH@Z,matched,100.0
0x44ef50,3,src/unsorted/0x44ef50.cpp,?FUN_0044ef50@@YGXH@Z,matched,100.0
0x44efb0,1,src/unsorted/0x44efb0.cpp,?FUN_0044efb0@@YAXXZ,matched,100.0
0x44efc0,3,src/unsorted/0x44efc0.cpp,?FUN_0044efc0@@YGXH@Z,matched,100.0
0x44efd0,3,src/unsorted/0x44efd0.cpp,?FUN_0044efd0@@YGXH@Z,matched,100.0
0x44efe0,3,src/unsorted/0x44efe0.cpp,?FUN_0044efe0@@YAHXZ,matched,100.0
0x44eff0,3,src/unsorted/0x44eff0.cpp,?FUN_0044eff0@@YAHXZ,matched,100.0
0x44f000,3,src/unsorted/0x44f000.cpp,?FUN_0044f000@@YGXHHH@Z,matched,100.0
0x44fd60,6,src/unsorted/0x44fd60.cpp,?FUN_0044fd60@@YGHH@Z,matched,100.0
0x4568b0,3,src/unsorted/0x4568b0.cpp,?FUN_004568b0@@YGXHHH@Z,matched,100.0
0x45b640,27,src/unsorted/0x45b640.cpp,?FUN_0045b640@@YAXXZ,matched,100.0
0x45b800,30,src/unsorted/0x45b800.cpp,?FUN_0045b800@@YGXPAD@Z,matched,100.0
0x45c6d0,110,src/unsorted/0x45c6d0.cpp,?FUN_0045c6d0@@YAXXZ,partial,33.3
0x45fc40,27,src/unsorted/0x45fc40.cpp,?FUN_0045fc40@@YAXXZ,matched,100.0
0x461170,1,src/unsorted/0x461170.cpp,?FUN_00461170@@YAXH@Z,matched,100.0
0x461610,1,src/unsorted/0x461610.cpp,?FUN_00461610@@YAXXZ,matched,100.0
0x461620,3,src/unsorted/0x461620.cpp,?FUN_00461620@@YGXHHH@Z,matched,100.0
0x461d60,3,src/unsorted/0x461d60.cpp,?FUN_00461d60@@YGXHHH@Z,matched,100.0
0x462bf0,11,src/unsorted/0x462bf0.cpp,?FUN_00462bf0@Class_00462bf0@@QAEHXZ,matched,100.0
0x463bd0,1,src/unsorted/0x463bd0.cpp,?FUN_00463bd0@@YAXXZ,matched,100.0
0x463c60,24,src/unsorted/0x463c60.cpp,?FUN_00463c60@Class_00463c60@@QAEXH@Z,matched,100.0
0x464ac0,13,src/unsorted/0x464ac0.cpp,?FUN_00464ac0@@YGMPAUClass_00464ac0@@@Z,matched,100.0
0x464ad0,19,src/unsorted/0x464ad0.cpp,?FUN_00464ad0@@YGMPAX@Z,matched,100.0
0x46c8b0,16,src/unsorted/0x46c8b0.cpp,?FUN_0046c8b0@@YAXXZ,matched,100.0
0x46c8c0,3,src/unsorted/0x46c8c0.cpp,?FUN_0046c8c0@@YGXH@Z,matched,100.0
0x46c8d0,1,src/unsorted/0x46c8d0.cpp,?FUN_0046c8d0@@YAXXZ,matched,100.0
0x46e5c0,24,src/unsorted/0x46e5c0.cpp,?FUN_0046e5c0@Class_0046e5c0@@QAEPAU1@PAD@Z,matched,100.0
0x46e870,3,src/unsorted/0x46e870.cpp,?FUN_0046e870@@YGXHH@Z,matched,100.0
0x470030,3,src/unsorted/0x470030.cpp,?FUN_00470030@@YGXH@Z,matched,100.0
0x470290,3,src/unsorted/0x470290.cpp,?FUN_00470290@@YGXHH@Z,matched,100.0
0x470770,35,src/unsorted/0x470770.cpp,?FUN_00470770@@YIHPAUClass_00470770@@@Z,partial,66.7
0x470ef0,3,src/unsorted/0x470ef0.cpp,?FUN_00470ef0@@YGXHH@Z,matched,100.0
0x4732d0,3,src/unsorted/0x4732d0.cpp,?FUN_004732d0@@YGXHH@Z,matched,100.0
0x474f80,56,src/unsorted/0x474f80.cpp,?FUN_00474f80@Class_00474f80@@QAEHXZ,matched,100.0
0x4750f0,19,src/unsorted/0x4750f0.cpp,?FUN_004750f0@@YI_NPAX@Z,matched,100.0
0x475330,3,src/unsorted/0x475330.cpp,?FUN_00475330@@YAHXZ,matched,100.0
0x475840,33,src/unsorted/0x475840.cpp,?FUN_00475840@@YIHPAUClass_00475840@@@Z,partial,71.4
0x475870,3,src/unsorted/0x475870.cpp,?FUN_00475870@@YGXHH@Z,matched,100.0
0x4767e0,12,src/unsorted/0x4767e0.cpp,?FUN_004767e0@@YAHXZ,matched,100.0
0x476e90,86,src/unsorted/0x476e90.cpp,?FUN_00476e90@@YGPADPADHH@Z,partial,38.1
0x47caf0,1,src/unsorted/0x47caf0.cpp,?FUN_0047caf0@@YAXXZ,matched,100.0
0x47cb40,19,src/unsorted/0x47cb40.cpp,?FUN_0047cb40@Class_0047cb40@@QAEXH@Z,matched,100.0
0x480e70,29,src/unsorted/0x480e70.cpp,?FUN_00480e70@Class_00480e70@@QAEIH@Z,matched,100.0
0x480e90,3,src/unsorted/0x480e90.cpp,?FUN_00480e90@@YGXHHH@Z,matched,100.0
0x480ea0,3,src/unsorted/0x480ea0.cpp,?FUN_00480ea0@@YGXH@Z,matched,100.0
0x489960,65,src/unsorted/0x489960.cpp,?FUN_00489960@Class_00489960@@QAEHPAX@Z,matched,100.0
0x48ef80,34,src/unsorted/0x48ef80.cpp,?FUN_0048ef80@Class_0048ef80@@QAE_NH@Z,matched,100.0
0x4908b0,7,src/unsorted/0x4908b0.cpp,?FUN_004908b0@Class_004908b0@@QAEEXZ,matched,100.0
0x494ff0,19,src/unsorted/0x494ff0.cpp,?FUN_00494ff0@@YGXH@Z,matched,100.0
0x49ed90,1,src/unsorted/0x49ed90.cpp,?FUN_0049ed90@@YAXXZ,matched,100.0
0x49fc40,14,src/unsorted/0x49fc40.cpp,?FUN_0049fc40@@YGXPAUClass_0049fc40@@@Z,matched,100.0
0x4a1680,110,src/unsorted/0x4a1680.cpp,?FUN_004a1680@@YGXPADHPAUOut_4a1680@@@Z,matched,100.0
0x4a4930,65,src/unsorted/0x4a4930.cpp,?FUN_004a4930@@YGXPAUGameState_4a4930@@H@Z,matched,100.0
0x4ab690,20,src/unsorted/0x4ab690.cpp,?FUN_004ab690@@YGXPAXH@Z,matched,100.0
0x4b1e70,5,src/unsorted/0x4b1e70.cpp,?FUN_004b1e70@@YGHH@Z,matched,100.0
0x4b1e80,3,src/unsorted/0x4b1e80.cpp,?FUN_004b1e80@@YGXHHH@Z,matched,100.0
0x4b6220,6,src/unsorted/0x4b6220.cpp,?FUN_004b6220@@YAHXZ,matched,100.0
0x4b62d0,86,src/unsorted/0x4b62d0.cpp,?FUN_004b62d0@@YGXH@Z,partial,50.0
0x4b6370,128,src/unsorted/0x4b6370.cpp,?FUN_004b6370@@YAHXZ,partial,35.3
0x4b66a0,96,src/unsorted/0x4b66a0.cpp,?FUN_004b66a0@@YAHXZ,partial,28.6
0x4b6af0,48,src/unsorted/0x4b6af0.cpp,?FUN_004b6af0@@YGHHH@Z,partial,60.9
0x4b6b20,36,src/unsorted/0x4b6b20.cpp,?FUN_004b6b20@@YGHPAXI0@Z,matched,100.0
0x4b7a10,30,src/unsorted/0x4b7a10.cpp,?FUN_004b7a10@@YGHPADH@Z,matched,100.0
0x4b7ac0,1,src/unsorted/0x4b7ac0.cpp,?FUN_004b7ac0@@YAXXZ,matched,100.0
0x4bc300,32,src/unsorted/0x4bc300.cpp,?FUN_004bc300@@YGHPAD@Z,matched,100.0
0x4c1aa0,1,src/unsorted/0x4c1aa0.cpp,?FUN_004c1aa0@@YAXXZ,matched,100.0
0x4c3e10,8,src/unsorted/0x4c3e10.cpp,?FUN_004c3e10@Class_004c3e10@@QAEXXZ,matched,100.0
0x4c5dc0,18,src/unsorted/0x4c5dc0.cpp,?FUN_004c5dc0@@YGXHH@Z,matched,100.0
0x4c9180,22,src/unsorted/0x4c9180.cpp,??0Class_004c9180@@QAE@XZ,matched,100.0
0x4c9290,128,src/unsorted/0x4c9290.cpp,?FUN_004c9290@Class_004c9290@@QAEPAV1@XZ,partial,89.5
0x4c93b0,56,src/unsorted/0x4c93b0.cpp,?FUN_004c93b0@Class_004c93b0@@QAEPAU1@PAU1@@Z,matched,100.0
0x4c9740,1,src/unsorted/0x4c9740.cpp,?FUN_004c9740@@YAXH@Z,matched,100.0
0x4ca9d0,13,src/unsorted/0x4ca9d0.cpp,?FUN_004ca9d0@@YGHPAUClass_004ca9d0@@@Z,matched,100.0
0x4cb7c0,10,src/unsorted/0x4cb7c0.cpp,?FUN_004cb7c0@Class_004cb7c0@@QAEXXZ,partial,40.0
0x4cf150,48,src/unsorted/0x4cf150.cpp,?FUN_004cf150@Class_004cf150@@QAEXXZ,matched,100.0
0x4cfee0,1,src/unsorted/0x4cfee0.cpp,?FUN_004cfee0@@YAXXZ,matched,100.0
0x4cfef0,3,src/unsorted/0x4cfef0.cpp,?FUN_004cfef0@@YAHXZ,matched,100.0
0x4cff00,1,src/unsorted/0x4cff00.cpp,?FUN_004cff00@@YAXXZ,matched,100.0
0x4d1ba0,35,src/unsorted/0x4d1ba0.cpp,?FUN_004d1ba0@@YGHPAEI@Z,matched,100.0
0x4d1bd0,35,src/unsorted/0x4d1bd0.cpp,?FUN_004d1bd0@@YGHPAEH@Z,matched,100.0
0x4d1c60,24,src/unsorted/0x4d1c60.cpp,?FUN_004d1c60@@YGPAXH@Z,matched,100.0
0x4d8130,1,src/unsorted/0x4d8130.cpp,?FUN_004d8130@@YAXXZ,matched,100.0
0x4d8190,1,src/unsorted/0x4d8190.cpp,?FUN_004d8190@@YAXXZ,matched,100.0
0x4d8250,1,src/unsorted/0x4d8250.cpp,?FUN_004d8250@@YAXXZ,matched,100.0
0x4d82b0,1,src/unsorted/0x4d82b0.cpp,?FUN_004d82b0@@YAXXZ,matched,100.0
0x4d8390,1,src/unsorted/0x4d8390.cpp,?FUN_004d8390@@YAXXZ,matched,100.0
0x4d83a0,1,src/unsorted/0x4d83a0.cpp,?FUN_004d83a0@@YAXH@Z,matched,100.0
0x4d8b30,37,src/unsorted/0x4d8b30.cpp,?FUN_004d8b30@Class_004d8b30@@QAEXPBD@Z,matched,100.0
0x4da7c0,1,src/unsorted/0x4da7c0.cpp,?FUN_004da7c0@@YAXXZ,matched,100.0
0x4db7b0,1,src/unsorted/0x4db7b0.cpp,?FUN_004db7b0@@YAXXZ,matched,100.0
0x4de4c0,1,src/unsorted/0x4de4c0.cpp,?FUN_004de4c0@@YAXXZ,matched,100.0
0x4de540,1,src/unsorted/0x4de540.cpp,?FUN_004de540@@YAXXZ,matched,100.0
0x4df1d0,1,src/unsorted/0x4df1d0.cpp,?FUN_004df1d0@@YAXXZ,matched,100.0
0x4e0730,1,src/unsorted/0x4e0730.cpp,?FUN_004e0730@@YAXXZ,matched,100.0
0x4e1450,1,src/unsorted/0x4e1450.cpp,?FUN_004e1450@@YAXXZ,matched,100.0
0x4e1b00,1,src/unsorted/0x4e1b00.cpp,?FUN_004e1b00@@YAXXZ,matched,100.0
0x4e21a0,29,src/unsorted/0x4e21a0.cpp,?FUN_004e21a0@Class_004e21a0@@QAEXN@Z,partial,76.2
0x4e2cb0,1,src/unsorted/0x4e2cb0.cpp,?FUN_004e2cb0@@YAXXZ,matched,100.0
0x4e41e0,14,src/unsorted/0x4e41e0.cpp,?FUN_004e41e0@@YAXXZ,matched,100.0
0x4e4250,1,src/unsorted/0x4e4250.cpp,?FUN_004e4250@@YAXXZ,matched,100.0
0x4e4260,1,src/unsorted/0x4e4260.cpp,?FUN_004e4260@@YAXXZ,matched,100.0
0x4e4270,1,src/unsorted/0x4e4270.cpp,?FUN_004e4270@@YAXXZ,matched,100.0
0x4e4280,1,src/unsorted/0x4e4280.cpp,?FUN_004e4280@@YAXXZ,matched,100.0
0x4e4290,1,src/unsorted/0x4e4290.cpp,?FUN_004e4290@@YAXXZ,matched,100.0
0x4e42a0,1,src/unsorted/0x4e42a0.cpp,?FUN_004e42a0@@YAXXZ,matched,100.0
