address,name
0x401070,PlayerRef::Reset
0x406c00,FUN_00406c00
0x406c10,FUN_00406c10
0x406c70,FUN_00406c70
0x406da0,FUN_00406da0
0x406f40,FUN_00406f40
0x407380,FUN_00407380
0x407930,Class_00407930::Class_00407930
0x408090,FUN_00408090
0x40a100,FUN_0040a100
0x40c230,FUN_0040c230
0x40c4f0,FUN_0040c4f0
0x40cc30,FUN_0040cc30
0x40cc40,FUN_0040cc40
0x40cc80,Class_0040cc80::FUN_0040cc80
0x40cfb0,UElem_0040cfb0::?$vector::erase
0x40d280,FUN_0040d280
0x40d4a0,FUN_0040d4a0
0x40d4b0,FUN_0040d4b0
0x40d4e0,FUN_0040d4e0
0x40d5b0,FUN_0040d5b0
0x415da0,Class_00415da0::FUN_00415da0
0x416270,FUN_00416270
0x416370,FUN_00416370
0x416380,FUN_00416380
0x416390,FUN_00416390
0x416500,FUN_00416500
0x416e30,FUN_00416e30
0x417090,FUN_00417090
0x4174d0,FUN_004174d0
0x419550,FUN_00419550
0x41d3b0,FUN_0041d3b0
0x41d4a0,FUN_0041d4a0
0x41d4b0,FUN_0041d4b0
0x41d8a0,FUN_0041d8a0
0x41d8b0,FUN_0041d8b0
0x41e260,FUN_0041e260
0x41ea30,FUN_0041ea30
0x41f7f0,FUN_0041f7f0
0x420610,FUN_00420610
0x422dd0,FUN_00422dd0
0x424840,FUN_00424840
0x4251e0,FUN_004251e0
0x425470,FUN_00425470
0x4287b0,FUN_004287b0
0x428b60,FUN_00428b60
0x428bb0,FUN_00428bb0
0x428bc0,FUN_00428bc0
0x428bd0,FUN_00428bd0
0x428be0,FUN_00428be0
0x428bf0,FUN_00428bf0
0x428c00,FUN_00428c00
0x428c10,FUN_00428c10
0x428c20,FUN_00428c20
0x428c30,FUN_00428c30
0x428c40,FUN_00428c40
0x428c50,FUN_00428c50
0x428f40,Class_00428f40::FUN_00428f40
0x42e2f0,FUN_0042e2f0
0x42f900,FUN_0042f900
0x4330b0,Class_004330b0::FUN_004330b0
0x4335c0,Class_004335c0::FUN_004335c0
0x433d90,FUN_00433d90
0x4343f0,FUN_004343f0
0x434430,FUN_00434430
0x434a60,$E3
0x435100,Class_00435100::FUN_00435100
0x4353a0,Class_004353a0::FUN_004353a0
0x4358f0,Class_004358f0::FUN_004358f0
0x435900,Class_00435900::FUN_00435900
0x435910,Class_00435910::FUN_00435910
0x435c20,Class_00435c20::FUN_00435c20
0x435c30,Class_00435c30::FUN_00435c30
0x435c40,Class_00435c40::FUN_00435c40
0x435c50,Class_00435c50::FUN_00435c50
0x4379a0,Class_004379a0::FUN_004379a0
0x437a20,Class_00437a20::FUN_00437a20
0x437b30,FUN_00437b30
0x437d30,FUN_00437d30
0x437d40,FUN_00437d40
0x437d50,FUN_00437d50
0x438700,FUN_00438700
0x438870,Class_00438870::FUN_00438870
0x439ea0,FUN_00439ea0
0x43a1e0,FUN_0043a1e0
0x43a940,FUN_0043a940
0x43c350,FUN_0043c350
0x43c390,FUN_0043c390
0x440930,FUN_00440930
0x4423a0,FUN_004423a0
0x443590,FUN_00443590
0x444ba0,FUN_00444ba0
0x44ce20,Class_0044ce20::Class_0044ce20
0x44ce40,FUN_0044ce40
0x44ce70,Class_0044ce70::Class_0044ce70
0x44ce80,FUN_0044ce80
0x44cec0,FUN_0044cec0
0x44cef0,FUN_0044cef0
0x44cf00,Class_0044cf00::FUN_0044cf00
0x44cf20,FUN_0044cf20
0x44cf30,FUN_0044cf30
0x44cf40,FUN_0044cf40
0x44cf50,FUN_0044cf50
0x44cfe0,FUN_0044cfe0
0x44d440,FUN_0044d440
0x44d900,FUN_0044d900
0x44dc60,Class_0044dc60::FUN_0044dc60
0x44df70,FUN_0044df70
0x44e6b0,FUN_0044e6b0
0x44e7a0,FUN_0044e7a0
0x44ea50,FUN_0044ea50
0x44ec00,FUN_0044ec00
0x44ec10,FUN_0044ec10
0x44ee60,FUN_0044ee60
0x44ef40,FUN_0044ef40
0x44ef50,FUN_0044ef50
0x44ef80,Class_0044ef80::FUN_0044ef80
0x44efb0,FUN_0044efb0
0x44efc0,FUN_0044efc0
0x44efd0,FUN_0044efd0
0x44efe0,FUN_0044efe0
0x44eff0,FUN_0044eff0
0x44f000,FUN_0044f000
0x44f010,Class_0044f010::Class_0044f010
0x44f290,Class_0044f290::FUN_0044f290
0x44f5b0,Class_0044f5b0::FUN_0044f5b0
0x44fd40,FUN_0044fd40
0x44fd50,FUN_0044fd50
0x44fd60,FUN_0044fd60
0x44fd70,FUN_0044fd70
0x44fd80,FUN_0044fd80
0x44fd90,FUN_0044fd90
0x44fe00,FUN_0044fe00
0x450910,FUN_00450910
0x451bc0,FUN_00451bc0
0x456310,FUN_00456310
0x4568b0,FUN_004568b0
0x4581c0,Class_004581c0::FUN_004581c0
0x45ae80,FUN_0045ae80
0x45b480,FUN_0045b480
0x45b640,FUN_0045b640
0x45b660,FUN_0045b660
0x45b800,FUN_0045b800
0x45baf0,FUN_0045baf0
0x45c6d0,FUN_0045c6d0
0x45fc40,FUN_0045fc40
0x461170,FUN_00461170
0x461610,FUN_00461610
0x461620,FUN_00461620
0x461d60,FUN_00461d60
0x462bf0,Class_00462bf0::FUN_00462bf0
0x463bd0,FUN_00463bd0
0x463c60,Class_00463c60::FUN_00463c60
0x464ab0,FUN_00464ab0
0x464ac0,FUN_00464ac0
0x464ad0,FUN_00464ad0
0x464af0,FUN_00464af0
0x464b00,FUN_00464b00
0x467950,FUN_00467950
0x46bc60,FUN_0046bc60
0x46bf20,FUN_0046bf20
0x46c620,FUN_0046c620
0x46c8b0,FUN_0046c8b0
0x46c8c0,FUN_0046c8c0
0x46c8d0,FUN_0046c8d0
0x46cec0,FUN_0046cec0
0x46df40,Class_0046df40::FUN_0046df40
0x46e5c0,Class_0046e5c0::FUN_0046e5c0
0x46e870,FUN_0046e870
0x470030,FUN_00470030
0x470290,FUN_00470290
0x4702a0,FUN_004702a0
0x470770,Class_00470770::FUN_00470770
0x470eb0,Class_00470eb0::FUN_00470eb0
0x470ef0,FUN_00470ef0
0x470f00,FUN_00470f00
0x471d00,Class_00471d00::FUN_00471d00
0x4732d0,FUN_004732d0
0x473530,FUN_00473530
0x474f80,Class_00474f80::FUN_00474f80
0x4750f0,Class_004750f0::FUN_004750f0
0x475330,FUN_00475330
0x475840,Class_00475840::FUN_00475840
0x475870,FUN_00475870
0x4767e0,FUN_004767e0
0x476e90,FUN_00476e90
0x479560,FUN_00479560
0x47c770,FUN_0047c770
0x47c780,FUN_0047c780
0x47c790,FUN_0047c790
0x47caf0,FUN_0047caf0
0x47cb40,Class_0047cb40::FUN_0047cb40
0x47e570,FUN_0047e570
0x47e750,FUN_0047e750
0x47ed30,FUN_0047ed30
0x47efc0,FUN_0047efc0
0x47f1a0,FUN_0047f1a0
0x480d40,Class_00480d40::FUN_00480d40
0x480e70,Class_00480e70::FUN_00480e70
0x480e90,FUN_00480e90
0x480ea0,FUN_00480ea0
0x4814b0,FUN_004814b0
0x4814f0,FUN_004814f0
0x488be0,FUN_00488be0
0x489960,Class_00489960::FUN_00489960
0x48a060,FUN_0048a060
0x48ea00,Class_0048ea00::FUN_0048ea00
0x48ea10,FUN_0048ea10
0x48ea20,FUN_0048ea20
0x48ea30,FUN_0048ea30
0x48ec00,Class_0048ec00::FUN_0048ec00
0x48ef80,Class_0048ef80::FUN_0048ef80
0x48fb30,Class_0048fb30::FUN_0048fb30
0x4904b0,Class_004904b0::FUN_004904b0
0x4908b0,Class_004908b0::FUN_004908b0
0x491ec0,FUN_00491ec0
0x492de0,FUN_00492de0
0x494ff0,FUN_00494ff0
0x499880,FUN_00499880
0x49e630,FUN_0049e630
0x49e6f0,FUN_0049e6f0
0x49e700,FUN_0049e700
0x49ed90,FUN_0049ed90
0x49f610,FUN_0049f610
0x49fa50,FUN_0049fa50
0x49fb10,FUN_0049fb10
0x49fc40,FUN_0049fc40
0x49fd60,FUN_0049fd60
0x4a1080,FUN_004a1080
0x4a1680,FUN_004a1680
0x4a4930,FUN_004a4930
0x4aa8d0,FUN_004aa8d0
0x4aa8e0,FUN_004aa8e0
0x4ab0a0,FUN_004ab0a0
0x4ab690,FUN_004ab690
0x4ab6b0,FUN_004ab6b0
0x4b0650,FUN_004b0650
0x4b0660,FUN_004b0660
0x4b0670,FUN_004b0670
0x4b0680,FUN_004b0680
0x4b0690,FUN_004b0690
0x4b06a0,FUN_004b06a0
0x4b07a0,Class_004b07a0::FUN_004b07a0
0x4b07b0,FUN_004b07b0
0x4b1e50,FUN_004b1e50
0x4b1e60,FUN_004b1e60
0x4b1e70,FUN_004b1e70
0x4b1e80,FUN_004b1e80
0x4b1e90,FUN_004b1e90
0x4b1ea0,FUN_004b1ea0
0x4b1eb0,FUN_004b1eb0
0x4b3620,Class_004b3620::FUN_004b3620
0x4b4f10,??2@YAPAXI@Z
0x4b4f20,??3@YAXPAX@Z
0x4b6220,FUN_004b6220
0x4b62c0,FUN_004b62c0
0x4b62d0,FUN_004b62d0
0x4b6330,FUN_004b6330
0x4b6370,FUN_004b6370
0x4b6560,FUN_004b6560
0x4b6700,FUN_004b6700
0x4b6710,FUN_004b6710
0x4b6b20,FUN_004b6b20
0x4b6b60,FUN_004b6b60
0x4b6e80,FUN_004b6e80
0x4b73b0,Class_004b73b0::FUN_004b73b0
0x4b7590,FUN_004b7590
0x4b7a10,FUN_004b7a10
0x4b7ac0,FUN_004b7ac0
0x4b7f60,FUN_004b7f60
0x4b9ed0,FUN_004b9ed0
0x4bab90,FUN_004bab90
0x4bad30,FUN_004bad30
0x4bb200,FUN_004bb200
0x4bc300,FUN_004bc300
0x4bd150,FUN_004bd150
0x4c13f0,FUN_004c13f0
0x4c1400,FUN_004c1400
0x4c1410,FUN_004c1410
0x4c1440,FUN_004c1440
0x4c1470,FUN_004c1470
0x4c1aa0,FUN_004c1aa0
0x4c2ba0,FUN_004c2ba0
0x4c2ea0,Class_004c2ea0::FUN_004c2ea0
0x4c2eb0,Class_004c2eb0::FUN_004c2eb0
0x4c3730,Class_004c3730::FUN_004c3730
0x4c3e10,Class_004c3e10::FUN_004c3e10
0x4c3e20,Class_004c3e20::FUN_004c3e20
0x4c3e30,Class_004c3e30::FUN_004c3e30
0x4c4440,Class_004c4440::FUN_004c4440
0x4c48c0,Class_004c48c0::FUN_004c48c0
0x4c5740,FUN_004c5740
0x4c5dc0,FUN_004c5dc0
0x4c5de0,FUN_004c5de0
0x4c6b60,FUN_004c6b60
0x4c7080,FUN_004c7080
0x4c9180,Class_004c9180::Class_004c9180
0x4c9290,Class_004c9290::FUN_004c9290
0x4c9310,Class_004c9310::FUN_004c9310
0x4c93b0,Class_004c93b0::FUN_004c93b0
0x4c9740,FUN_004c9740
0x4ca9d0,FUN_004ca9d0
0x4ca9e0,FUN_004ca9e0
0x4ca9f0,FUN_004ca9f0
0x4caa00,FUN_004caa00
0x4caa10,FUN_004caa10
0x4caa20,FUN_004caa20
0x4cb330,FUN_004cb330
0x4cb7c0,Class_004cb7c0::FUN_004cb7c0
0x4cd9b0,FUN_004cd9b0
0x4cd9c0,Class_004cd9c0::FUN_004cd9c0
0x4ce020,Class_004ce020::FUN_004ce020
0x4ce450,Class_004ce450::FUN_004ce450
0x4ce5a0,Class_004ce5a0::FUN_004ce5a0
0x4ce680,Class_004ce680::FUN_004ce680
0x4ce7f0,Class_004ce7f0::FUN_004ce7f0
0x4cee40,FUN_004cee40
0x4cf150,Class_004cf150::FUN_004cf150
0x4cf210,Class_004cf210::FUN_004cf210
0x4cf220,Class_004cf220::FUN_004cf220
0x4cfe80,Class_004cfe80::FUN_004cfe80
0x4cfe90,Class_004cfe90::FUN_004cfe90
0x4cfea0,Class_004cfea0::FUN_004cfea0
0x4cfed0,FUN_004cfed0
0x4cfee0,FUN_004cfee0
0x4cfef0,FUN_004cfef0
0x4cff00,FUN_004cff00
0x4cff10,FUN_004cff10
0x4cff20,Class_004cff20::FUN_004cff20
0x4d09e0,FUN_004d09e0
0x4d0a10,FUN_004d0a10
0x4d1800,FUN_004d1800
0x4d1810,FUN_004d1810
0x4d1ba0,FUN_004d1ba0
0x4d1bd0,FUN_004d1bd0
0x4d1c60,FUN_004d1c60
0x4d3d60,FUN_004d3d60
0x4d6ba0,FUN_004d6ba0
0x4d8130,FUN_004d8130
0x4d8190,FUN_004d8190
0x4d8250,FUN_004d8250
0x4d82b0,FUN_004d82b0
0x4d8390,FUN_004d8390
0x4d83a0,FUN_004d83a0
0x4d85a0,FUN_004d85a0
0x4d8660,FUN_004d8660
0x4d8670,FUN_004d8670
0x4d8680,FUN_004d8680
0x4d8b30,Class_004d8b30::FUN_004d8b30
0x4d8e50,FUN_004d8e50
0x4d9f50,FUN_004d9f50
0x4da0b0,FUN_004da0b0
0x4da7c0,FUN_004da7c0
0x4db7b0,FUN_004db7b0
0x4db7c0,FUN_004db7c0
0x4de0f0,FUN_004de0f0
0x4de100,FUN_004de100
0x4de4c0,FUN_004de4c0
0x4de540,FUN_004de540
0x4df1d0,FUN_004df1d0
0x4e0730,FUN_004e0730
0x4e1450,FUN_004e1450
0x4e1540,FUN_004e1540
0x4e1650,Class_004e1650::FUN_004e1650
0x4e1a30,Class_004e1a30::FUN_004e1a30
0x4e1b00,FUN_004e1b00
0x4e2cb0,FUN_004e2cb0
0x4e2d90,Class_004e2d90::FUN_004e2d90
0x4e39a0,FUN_004e39a0
0x4e3e10,FUN_004e3e10
0x4e41e0,FUN_004e41e0
0x4e4250,FUN_004e4250
0x4e4260,FUN_004e4260
0x4e4270,FUN_004e4270
0x4e4280,FUN_004e4280
0x4e4290,FUN_004e4290
0x4e42a0,FUN_004e42a0
0x4e42b0,sprintf
0x4e4320,_fpmath
0x4e4350,_cfltcvt_init
0x4e43a0,_ftol
0x4e4510,fprintf
0x4e4560,atof
0x4e45d0,_cinit
0x4e4600,exit
0x4e4620,_exit
0x4e4640,_cexit
0x4e4650,_c_exit
0x4e4660,doexit
0x4e4720,_lockexit
0x4e4740,_initterm
0x4e4760,strncpy
0x4e4860,srand
0x4e4870,rand
0x4e48a0,fclose
0x4e48e0,_fclose_lk
0x4e4950,_fsopen
0x4e4990,fopen
0x4e49b0,strstr
0x4e4a30,_onexit
0x4e4ac0,atexit
0x4e4ae0,__onexitinit
0x4e4b20,_alloca_probe
0x4e4b50,strncmp
0x4e4b90,_snprintf
0x4e4c00,isalpha
0x4e4c30,isupper
0x4e4c60,islower
0x4e4c90,isdigit
0x4e4cc0,isxdigit
0x4e4cf0,isspace
0x4e4d20,ispunct
0x4e4d50,isalnum
0x4e4d80,isprint
0x4e4db0,isgraph
0x4e4de0,iscntrl
0x4e4e10,__isascii
0x4e4e20,__toascii
0x4e4e30,__iscsymf
0x4e4e80,__iscsym
0x4e4ed0,atol
0x4e4f80,_atoi64
0x4e5050,floor
0x4e5150,strncat
0x4e5280,strtok
0x4e5370,_CIpow
0x4e56a0,__CxxLongjmpUnwind
0x4e56c0,_CallCatchBlock2
0x4e58b0,_GetRangeOfTrysToCheck
0x4e5930,_global_unwind2
0x4e5a20,_tolower
0x4e5a30,tolower
0x4e5ac0,_tolower_lk
0x4e5bc0,fread
0x4e5c00,_fread_lk
0x4e5d80,_fwrite_lk
0x4e5ed0,qsort
0x4e6080,shortsort
0x4e60e0,swap
0x4e6110,_purecall
0x4e6120,_beginthreadex
0x4e61a0,_threadstartex
0x4e6250,_endthreadex
0x4e6290,localtime
0x4e6480,time
0x4e65c0,strchr
0x4e6680,sscanf
0x4e66d0,strcspn
0x4e68c0,signal
0x4e6af0,ctrlevent_capture
0x4e6b80,raise
0x4e6d90,siglookup
0x4e6dd0,__fpecode
0x4e6de0,__pxcptinfoptrs
0x4e6df0,strrchr
0x4e6e20,_splitpath
0x4e6fa0,WinMainCRTStartup
0x4e7150,_amsg_exit
0x4e7180,fast_error_exit
0x4e71b0,_toupper
0x4e71c0,toupper
0x4e7250,_toupper_lk
0x4e7350,ftell
0x4e7380,_ftell_lk
0x4e7530,fseek
0x4e7570,_fseek_lk
0x4e7610,_chsize
0x4e7680,_chsize_lk
0x4e77d0,_beginthread
0x4e7850,_threadstart
0x4e7900,_endthread
0x4e7950,rename
0x4e7990,_rmdir
0x4e79d0,_filelength
0x4e7a80,_getdrive
0x4e7ad0,_chdrive
0x4e7b50,_getcwd
0x4e7b80,_getdcwd
0x4e7bc0,_getdcwd_lk
0x4e7cf0,_validdrive
0x4e7d30,_chdir
0x4e7dd0,_findfirst
0x4e7f00,_findnext
0x4e8020,_findclose
0x4e8050,__timet_from_ft
0x4e80e0,_mkdir
0x4e8110,rewind
0x4e8190,exception::exception
0x4e82a0,??4exception@@QAEAAV0@ABV0@@Z
0x4e82c0,exception::~exception
0x4e82e0,exception::what
0x4e82f0,type_info::~type_info
0x4e8340,??8type_info@@QBEHABV0@@Z
0x4e83a0,??9type_info@@QBEHABV0@@Z
0x4e8400,type_info::before
0x4e8460,type_info::raw_name
0x4e8470,type_info::type_info
0x4e8480,??4type_info@@AAEAAV0@ABV0@@Z
0x4e8490,_CxxThrowException
0x4e84e0,memcpy
0x4e8820,free
0x4e8890,malloc
0x4e88b0,_nh_malloc
0x4e8900,_heap_alloc
0x4e8960,_strlwr
0x4e8ae0,_strupr
0x4e8c60,_statusfp
0x4e8ce0,_controlfp
0x4e8d00,_fpreset
0x4e8d30,_abstract_cw
0x4e8dd0,_hw_cw
0x4e8e60,_abstract_sw
0x4e8ea0,calloc
0x4e8f50,printf
0x4e8fb0,_msize
0x4e9020,realloc
0x4e91d0,getenv
0x4e9200,_getenv_lk
0x4e9290,__dtoxmode
0x4e9360,_stat
0x4e96a0,IsRootUNCName
0x4e9720,gmtime
0x4e9890,asctime
0x4e9980,store_dt
0x4e99c0,_flsbuf
0x4e9af0,_output
0x4ea480,write_char
0x4ea4d0,write_multi_char
0x4ea510,write_string
0x4ea550,get_int_arg
0x4ea570,get_int64_arg
0x4ea590,get_short_arg
0x4ea5b0,_setdefaultprecision
0x4ea5d0,_ms_p5_test_fdiv
0x4ea620,_ms_p5_mp_test_fdiv
0x4ea650,_forcdecpt
0x4ea6b0,_cropzeros
0x4ea720,_positive
0x4ea740,_fassign
0x4ea7a0,_cftoe
0x4ea820,_cftoe2
0x4ea920,_cftof
0x4ea990,_cftof2
0x4eaa50,_cftog
0x4eab10,_cfltcvt
0x4eab80,_shift
0x4eabb0,_mtinitlocks
0x4eabe0,_mtdeletelocks
0x4eac60,_lock
0x4eade0,_lockerr_exit
0x4eae00,_stbuf
0x4eaec0,_ftbuf
0x4eaf00,_fltin2
0x4eafa0,_isctype
0x4eb040,_mtinit
0x4eb0a0,_mtterm
0x4eb0d0,_initptd
0x4eb0f0,_getptd
0x4eb170,_freeptd
0x4eb240,_close
0x4eb2b0,_close_lk
0x4eb340,_freebuf
0x4eb380,fflush
0x4eb3c0,_fflush_lk
0x4eb400,_flush
0x4eb470,_flushall
0x4eb480,flsall
0x4eb540,_openfile
0x4eb710,_getstream
0x4eb7f0,_frnd
0x4eb810,_handle_qnan1
0x4eb860,_handle_qnan2
0x4eb8e0,_except1
0x4eb9a0,_except2
0x4eba90,_raise_exc
0x4ebdd0,_handle_exc
0x4ec100,_umatherr
0x4ec1b0,_set_errno
0x4ec1e0,_get_fname
0x4ec210,_errcode
0x4ec250,_set_exp
0x4ec290,_get_exp
0x4ec2b0,_add_exp
0x4ec2e0,_set_bexp
0x4ec320,_sptype
0x4ec380,_decomp
0x4ec490,_statfp
0x4ecb20,_powhlp
0x4ecd50,_d_inttype
0x4ecde0,__InternalCxxFrameHandler
0x4eceb0,FindHandler
0x4ed170,FindHandlerForForeignException
0x4ed250,__FrameUnwindToState
0x4ed310,FrameUnwindFilter
0x4ed330,CatchIt
0x4ed3c0,CallCatchBlock
0x4ed520,ExFilterRethrow
0x4ed550,BuildCatchObject
0x4ed7e0,AdjustPointer
0x4ed810,_CallSettingFrame
0x4ed8f0,unexpected
0x4ed910,_inconsistency
0x4ed9a0,setlocale
0x4edc70,_setlocale_set_cat
0x4eddd0,_setlocale_get_all
0x4edef0,_expandlocale
0x4ee100,_strcats
0x4ee150,__lc_strtolc
0x4ee260,__lc_lctostr
0x4ee2d0,__crtLCMapStringW
0x4ee4e0,wcsncnt
0x4ee520,__crtLCMapStringA
0x4ee750,strncnt
0x4ee780,_filbuf
0x4ee870,_lseek
0x4ee8f0,_read_lk
0x4eeba0,_write_lk
0x4eedb0,_dosmaperr
0x4eee30,_errno
0x4eee40,__doserrno
0x4eee50,_XcptFilter
0x4ef060,xcptlookup
0x4ef0a0,__tzset
0x4ef0e0,_tzset
0x4ef100,_tzset_lk
0x4ef3e0,_isindst
0x4ef410,_isindst_lk
0x4ef680,cvtdate
0x4ef820,__loctotime_t
0x4ef910,_input
0x4f0650,_hextodec
0x4f0690,_inc
0x4f06c0,_un_inc
0x4f06e0,_whiteout
0x4f0730,_setmbcp
0x4f0960,getSystemCP
0x4f09b0,CPtoLCID
0x4f0a10,setSBCS
0x4f0a50,setSBUpLow
0x4f0c30,_getmbcp
0x4f0c50,__initmbctable
0x4f0c60,_mbsnbcpy
0x4f0d10,_tell
0x4f0d30,_ismbbkprint
0x4f0d50,_ismbbkpunct
0x4f0d70,_ismbbalnum
0x4f0d90,_ismbbalpha
0x4f0db0,_ismbbgraph
0x4f0dd0,_ismbbprint
0x4f0df0,_ismbbpunct
0x4f0e10,_ismbblead
0x4f0e30,_ismbbtrail
0x4f0e50,_ismbbkana
0x4f0e80,x_ismbbtype
0x4f0ec0,_setenvp
0x4f0fb0,_setargv
0x4f1050,parse_cmdline
0x4f1260,__crtGetEnvironmentStringsW
0x4f1460,__crtGetEnvironmentStringsA
0x4f15c0,_ioinit
0x4f17d0,_ioterm
0x4f1830,_heap_init
0x4f1870,_heap_term
0x4f18b0,_FF_MSGBANNER
0x4f18f0,_NMSG_WRITE
0x4f1ad0,_GET_RTERRMSG
0x4f1b80,_lseek_lk
0x4f1c00,_alloc_osfhnd
0x4f1d70,_set_osfhnd
0x4f1e20,_free_osfhnd
0x4f1ec0,_get_osfhandle
0x4f1f10,_open_osfhandle
0x4f1fc0,_lock_fhandle
0x4f2030,_unlock_fhandle
0x4f20d0,_setmode_lk
0x4f2140,_mbctoupper
0x4f21e0,__CxxUnhandledExceptionFilter
0x4f2240,__CxxSetUnhandledExceptionFilter
0x4f2260,__CxxRestoreUnhandledExceptionFilter
0x4f2280,_set_sbh_threshold
0x4f22a0,__sbh_new_region
0x4f2410,__sbh_release_region
0x4f2470,__sbh_decommit_pages
0x4f2540,__sbh_find_block
0x4f25a0,__sbh_free_block
0x4f2600,__sbh_alloc_block
0x4f2840,__sbh_alloc_block_from_page
0x4f29c0,__sbh_resize_block
0x4f2a90,__sbh_heap_check
0x4f2c60,_set_new_handler
0x4f2ca0,_callnewh
0x4f2cc0,__initstdio
0x4f2d80,__endstdio
0x4f2da0,_mbsnbicoll
0x4f2de0,__wtomb_environ
0x4f2e60,_mbsicmp
0x4f3010,_mbsrchr
0x4f30a0,_fullpath
0x4f3170,_mbctolower
0x4f3210,_mbspbrk
0x4f32c0,_getbuf
0x4f3320,_isatty
0x4f3350,wctomb
0x4f33c0,_wctomb_lk
0x4f3440,_aulldiv
0x4f3530,_ZeroTail
0x4f35a0,_IncMan
0x4f3610,_RoundMan
0x4f36b0,_CopyMan
0x4f36d0,_FillZeroMan
0x4f36e0,_IsZeroMan
0x4f3700,_ShrMan
0x4f37c0,_ld12cvt
0x4f3990,_ld12tod
0x4f39d0,_ld12told
0x4f3a50,_atodbl
0x4f3a90,_atoldbl
0x4f3b10,_fptostr
0x4f3bb0,_fltout2
0x4f3c40,__dtold
0x4f3d00,_fptrap
0x4f3d10,__strgtold12
0x4f44a0,__STRINGTOLD
0x4f44f0,__crtGetStringTypeW
0x4f4680,__crtGetStringTypeA
0x4f47c0,_commit
0x4f4860,_open
0x4f4880,_sopen
0x4f4c30,fdiv_main_routine
0x4f59c0,_87except
0x4f5ae0,_copysign
0x4f5b10,_chgsign
0x4f5b40,_scalb
0x4f5b60,_logb
0x4f5c80,_nextafter
0x4f5f80,_finite
0x4f5fa0,_isnan
0x4f5fd0,_fpclass
0x4f6070,_ValidateRead
0x4f60b0,_ValidateExecute
0x4f60d0,abort
0x4f60f0,__init_time
0x4f61a0,_get_lc_time
0x4f6520,_free_lc_time
0x4f6760,storeTimeFmt
0x4f6860,__init_numeric
0x4f6a60,fix_grouping
0x4f6aa0,__init_monetary
0x4f6b90,_get_lc_lconv
0x4f6d20,_free_lc_lconv
0x4f6d90,__init_ctype
0x4f7060,strpbrk
0x4f70a0,__get_qualified_locale
0x4f7240,TranslateName
0x4f72a0,GetLcidFromLangCountry
0x4f7330,LangCountryEnumProc
0x4f7610,GetLcidFromLanguage
0x4f7670,LanguageEnumProc
0x4f7750,GetLcidFromCountry
0x4f7790,CountryEnumProc
0x4f7830,GetLcidFromDefault
0x4f7850,ProcessCodePage
0x4f7940,TestDefaultCountry
0x4f7970,TestDefaultLanguage
0x4f7a00,IsThisWindowsNT
0x4f7a40,crtGetLocaleInfoA
0x4f7b70,LcidFromHexString
0x4f7bb0,GetPrimaryLen
0x4f7be0,mbstowcs
0x4f7c60,_wcstombs_lk
0x4f7f10,_mbtowc_lk
0x4f8010,ungetc
0x4f8040,_ungetc_lk
0x4f80d0,wcslen
0x4f80f0,__crtMessageBoxA
0x4f8180,_fcloseall
0x4f8220,__crtCompareStringW
0x4f8470,__crtCompareStringA
0x4f8770,__crtsetenv
0x4f8980,findenv
0x4f8a00,copy_environ
0x4f8a70,_strcmpi
0x4f8b40,__addl
0x4f8b70,__add_12
0x4f8be0,__shl_12
0x4f8c10,__shr_12
0x4f8c40,__mtold12
0x4f8d40,$I10_OUTPUT
0x4f90d0,__ld12mul
0x4f9390,__multtenpow12
0x4f9420,ldexp
0x4f9680,_Getdays
0x4f9770,_Getmonths
0x4f9860,_Gettnames
0x4f9bd0,strftime
0x4f9bf0,_Strftime
0x4f9d40,_expandtime
0x4fa2e0,_store_str
0x4fa310,_store_num
0x4fa3b0,_store_number
0x4fa420,_store_winword
0x4fa770,__getlocaleinfo
0x4fa930,_itoa
0x4fa970,xtoa
0x4fa9e0,_ltoa
0x4faa30,_ultoa
0x4faa50,_i64toa
0x4faaa0,x64toa
0x4fab30,_ui64toa
0x4fab50,_strnicmp
0x4fac60,_mbschr
0x4fad30,_mbsdup
0x4fad80,__crtGetLocaleInfoW
0x4faeb0,__crtGetLocaleInfoA
0x4fb440,_hypot
0x4fb460,_cabs
0x4fb480,_hypothlp
0x4fb7a0,_CIsqrt
0x4fc004,_imp__RegQueryValueExA
0x4fc0c0,DAT_004fc0c0
0x4fc0dc,_imp__GetTickCount
0x4fc0f0,DAT_004fc0f0
0x4fc17c,_imp__GetVolumeInformationA
0x4fc184,_imp__CreateEventA
0x4fc188,_imp__ResetEvent
0x4fc194,_imp__LeaveCriticalSection
0x4fc988,DAT_004fc988
0x4fd2f8,DAT_004fd2f8
0x4fd458,DAT_004fd458
0x4fd5a8,DAT_004fd5a8
0x4fdc18,DAT_004fdc18
0x501774,DAT_00501774
0x502898,DAT_00502898
0x50289c,DAT_0050289c
0x502ae8,DAT_00502ae8
0x505974,DAT_00505974
0x50a778,DAT_0050a778
0x50a77c,DAT_0050a77c
0x50b9e0,DAT_0050b9e0
0x5119c0,DAT_005119c0
0x511de0,DAT_00511de0
0x511de4,DAT_00511de4
0x511de8,g_game
0x511f80,DAT_00511f80
0x5120b8,DAT_005120b8
0x5122c0,DAT_005122c0
0x51232c,DAT_0051232c
0x512344,DAT_00512344
0x512348,DAT_00512348
0x512770,DAT_00512770
0x512d90,DAT_00512d90
0x512ee8,DAT_00512ee8
0x512eec,DAT_00512eec
0x51e580,DAT_0051e580
0x51e58c,DAT_0051e58c
0x51e5a0,DAT_0051e5a0
0x51e608,DAT_0051e608
0x51e684,DAT_0051e684
0x51e688,DAT_0051e688
0x51e690,DAT_0051e690
0x51e6a0,DAT_0051e6a0
0x51e6c0,DAT_0051e6c0
0x51e710,DAT_0051e710
0x51f2dc,DAT_0051f2dc
0x51f310,DAT_0051f310
0x51fba4,DAT_0051fba4
0x51fbd0,DAT_0051fbd0
0x51fbe0,DAT_0051fbe0
0x51fc80,DAT_0051fc80
0x51fc84,DAT_0051fc84
0x51fc90,DAT_0051fc90
0x51fc94,DAT_0051fc94
0x51fcb0,DAT_0051fcb0
0x51fdb0,DAT_0051fdb0
0x51fe00,DAT_0051fe00
0x51fe48,DAT_0051fe48
0x51fea0,DAT_0051fea0
0x51ff04,DAT_0051ff04
0x51ff08,DAT_0051ff08
0x526ff0,DAT_00526ff0
0x526ffc,DAT_00526ffc
0x5289c4,DAT_005289c4
0x528a78,DAT_00528a78
0x529da8,DAT_00529da8
0x529dc0,DAT_00529dc0
0x529ea0,DAT_00529ea0
0x52a4f8,DAT_0052a4f8
0x52a4fc,DAT_0052a4fc
